{
  "data": [
    [
      [
        1,
        null,
        0,
        0.0
      ],
      [
        2336.798549719708,
        0.030839204788208008,
        {
          "__enum__": "StatusType.SUCCESS"
        },
        1622392219.1104288,
        1622392219.1550028,
        {}
      ]
    ],
    [
      [
        2,
        null,
        0,
        0.0
      ],
      [
        2336.8044249064014,
        0.022132396697998047,
        {
          "__enum__": "StatusType.SUCCESS"
        },
        1622392224.2291274,
        1622392224.2644856,
        {}
      ]
    ],
    [
      [
        3,
        null,
        0,
        0.0
      ],
      [
        2336.798071089298,
        0.020206451416015625,
        {
          "__enum__": "StatusType.SUCCESS"
        },
        1622392227.470537,
        1622392227.501309,
        {}
      ]
    ],
    [
      [
        4,
        null,
        0,
        0.0
      ],
      [
        2336.788805739503,
        0.02067089080810547,
        {
          "__enum__": "StatusType.SUCCESS"
        },
        1622392231.0220778,
        1622392231.0529442,
        {}
      ]
    ]
  ],
  "config_origins": {
    "1": "Sobol",
    "2": "Local Search",
    "3": "Local Search",
    "4": "Local Search"
  },
  "configs": {
    "1": {
      "x1": -1.1512925464970225,
      "x2": -1.1512925464970225,
      "x3": -16.46466924123829,
      "x4": -16.46466924123829
    },
    "2": {
      "x1": -6.907407134415176,
      "x2": 4.538484222597141,
      "x3": -33.949950971042874,
      "x4": -34.53741158256178
    },
    "3": {
      "x1": -1.1124202842406694,
      "x2": -1.165540036460298,
      "x3": -16.468878495881597,
      "x4": -16.284410739026765
    },
    "4": {
      "x1": -0.9862129619133642,
      "x2": -1.2251977684676856,
      "x3": -16.501772119504743,
      "x4": -15.051940338714275
    }
  }
}