{"cpu_time": 0.0, "wallclock_time": 0.0018630027770996094, "evaluations": 0, "cost": 2147483648, "incumbent": {"x1": -1.1512925464970225, "x2": -1.1512925464970225, "x3": -16.46466924123829, "x4": -16.46466924123829}, "budget": 0, "origin": "Sobol"}
{"cpu_time": 0.030839204788208008, "wallclock_time": 0.04828357696533203, "evaluations": 1, "cost": 2336.798549719708, "incumbent": {"x1": -1.1512925464970225, "x2": -1.1512925464970225, "x3": -16.46466924123829, "x4": -16.46466924123829}, "budget": 0, "origin": "Sobol"}
{"cpu_time": 0.07317805290222168, "wallclock_time": 8.394522905349731, "evaluations": 3, "cost": 2336.798071089298, "incumbent": {"x1": -1.1124202842406694, "x2": -1.165540036460298, "x3": -16.468878495881597, "x4": -16.284410739026765}, "budget": 0, "origin": "Local Search"}
{"cpu_time": 0.09384894371032715, "wallclock_time": 11.946115732192993, "evaluations": 4, "cost": 2336.788805739503, "incumbent": {"x1": -0.9862129619133642, "x2": -1.2251977684676856, "x3": -16.501772119504743, "x4": -15.051940338714275}, "budget": 0, "origin": "Local Search"}
